review,sentiment
This exceeded my expectations. Loved it!,positive
This exceeded my expectations. Loved it!,positive
Terrible quality and very slow delivery.,negative
Low quality and very unreliable.,negative
Amazing! Will definitely buy again.,positive
I regret buying this. Very unsatisfied.,negative
Customer support was super helpful and polite.,positive
Amazing! Will definitely buy again.,positive
Exceptional quality and fast delivery.,positive
This broke after one use. Awful experience.,negative
One of the best things I’ve ever bought.,positive
Low quality and very unreliable.,negative
Five stars for this wonderful product!,positive
Fantastic experience from start to finish.,positive
Absolutely loved this! Highly recommended.,positive
Customer support was rude and unhelpful.,negative
Great value for money and excellent service.,positive
Customer support was super helpful and polite.,positive
Five stars for this wonderful product!,positive
Customer support was rude and unhelpful.,negative
One of the best things I’ve ever bought.,positive
I regret buying this. Very unsatisfied.,negative
Brilliant! It works perfectly and looks great.,positive
Fantastic experience from start to finish.,positive
I regret buying this. Very unsatisfied.,negative
Exceptional quality and fast delivery.,positive
Exceptional quality and fast delivery.,positive
Absolutely loved this! Highly recommended.,positive
Terrible quality and very slow delivery.,negative
Brilliant! It works perfectly and looks great.,positive
Fantastic experience from start to finish.,positive
One of the best things I’ve ever bought.,positive
This broke after one use. Awful experience.,negative
Not worth the price. Would not recommend.,negative
Customer support was super helpful and polite.,positive
Not worth the price. Would not recommend.,negative
Not worth the price. Would not recommend.,negative
Poor service and faulty product.,negative
Poor service and faulty product.,negative
Poor service and faulty product.,negative
I regret buying this. Very unsatisfied.,negative
Not worth the price. Would not recommend.,negative
This broke after one use. Awful experience.,negative
One of the best things I’ve ever bought.,positive
Brilliant! It works perfectly and looks great.,positive
Absolutely loved this! Highly recommended.,positive
Fantastic experience from start to finish.,positive
Did not meet expectations at all.,negative
I regret buying this. Very unsatisfied.,negative
Did not meet expectations at all.,negative
This exceeded my expectations. Loved it!,positive
Poor service and faulty product.,negative
Did not meet expectations at all.,negative
Completely disappointed. Waste of money.,negative
Poor service and faulty product.,negative
Low quality and very unreliable.,negative
Customer support was super helpful and polite.,positive
Did not meet expectations at all.,negative
Completely disappointed. Waste of money.,negative
Poor service and faulty product.,negative
Fantastic experience from start to finish.,positive
Amazing! Will definitely buy again.,positive
Amazing! Will definitely buy again.,positive
Terrible quality and very slow delivery.,negative
Amazing! Will definitely buy again.,positive
Poor service and faulty product.,negative
Absolutely loved this! Highly recommended.,positive
This exceeded my expectations. Loved it!,positive
Customer support was rude and unhelpful.,negative
Completely disappointed. Waste of money.,negative
Absolutely loved this! Highly recommended.,positive
I regret buying this. Very unsatisfied.,negative
Great value for money and excellent service.,positive
Did not meet expectations at all.,negative
Terrible quality and very slow delivery.,negative
Fantastic experience from start to finish.,positive
Customer support was super helpful and polite.,positive
Fantastic experience from start to finish.,positive
Not worth the price. Would not recommend.,negative
Poor service and faulty product.,negative
One of the best things I’ve ever bought.,positive
Bad product. I want a refund.,negative
Customer support was super helpful and polite.,positive
One of the best things I’ve ever bought.,positive
Fantastic experience from start to finish.,positive
Absolutely loved this! Highly recommended.,positive
I regret buying this. Very unsatisfied.,negative
Did not meet expectations at all.,negative
Brilliant! It works perfectly and looks great.,positive
Great value for money and excellent service.,positive
Fantastic experience from start to finish.,positive
Low quality and very unreliable.,negative
Customer support was rude and unhelpful.,negative
Poor service and faulty product.,negative
Bad product. I want a refund.,negative
One of the best things I’ve ever bought.,positive
Did not meet expectations at all.,negative
Terrible quality and very slow delivery.,negative
This broke after one use. Awful experience.,negative
Exceptional quality and fast delivery.,positive
